-- INSERTED DATA INTO TABLES

INSERT INTO students VALUES
(1, 'Tymur Anisimov', 18, 88, 'колівінг', 8),
(2, 'Ihor Bahrii', 19, 72, 'особисте житло', 6),
(3, 'Nikita Bezverkhyi', 17, 95, 'колівінг', 9),
(4, 'Oleh Bondar', 20, 65, 'особисте житло', 4),
(5, 'Yevheniia Bondarchuk', 18, 91, 'колівінг', 10),
(6, 'Volodymyr Bublyk', 19, 78, 'особисте житло', 7),
(7, 'Varvara Chornomorets', 18, 99, 'колівінг', 9),
(8, 'Daryna Chul', 17, 83, 'особисте житло', 8),
(9, 'Sofiia Danilova', 19, 61, 'колівінг', 5),
(10, 'Oleksandr Furdychko', 20, 75, 'особисте житло', 7),
(11, 'Lidiia Halaydiuk', 18, 89, 'колівінг', 9),
(12, 'Arsen Hanhalo', 17, 93, 'особисте житло', 10),
(13, 'Anatolii Hlazunov', 19, 68, 'колівінг', 6),
(14, 'Olha Holovan', 18, 81, 'особисте житло', 7),
(15, 'Marta Hontar', 18, 96, 'колівінг', 9),
(16, 'Danylo Hordiienko', 20, 70, 'особисте житло', 5),
(17, 'Ivan Hromovyi', 19, 85, 'колівінг', 8),
(18, 'Mariia Karas', 17, 98, 'особисте житло', 10),
(19, 'Dmytro Koban', 18, 77, 'колівінг', 7);

INSERT INTO courses (student_id, course_name) VALUES
(1, 'Як навчатися в кше'),
(1, 'Вступ до математики'),
(1, 'Основи лінійної алгебри'),
(2, 'Як навчатися в кше'),
(2, 'Англійська для навчання та роботи'),
(2, 'Вступ до історії україни'),
(2, 'Базова теорія ймовірностей'),
(3, 'Як навчатися в кше'),
(3, 'Вступ до історії україни'),
(3, 'Базова теорія ймовірностей'),
(3, 'Вступ до математики'),
(3, 'Основи лінійної алгебри'),
(4, 'Як навчатися в кше'),
(5, 'Як навчатися в кше'),
(5, 'Англійська для навчання та роботи'),
(5, 'Вступ до математики'),
(6, 'Як навчатися в кше'),
(6, 'Англійська для навчання та роботи'),
(6, 'Вступ до історії україни'),
(6, 'Основи лінійної алгебри'),
(6, 'Базова теорія ймовірностей'),
(6, 'Вступ до математики'),
(7, 'Як навчатися в кше'),
(7, 'Вступ до історії україни'),
(7, 'Основи лінійної алгебри'),
(8, 'Як навчатися в кше'),
(8, 'Англійська для навчання та роботи'),
(8, 'Вступ до математики'),
(8, 'Базова теорія ймовірностей'),
(9, 'Як навчатися в кше'),
(9, 'Вступ до математики'),
(9, 'Базова теорія ймовірностей'),
(10, 'Як навчатися в кше'),
(10, 'Вступ до історії україни'),
(11, 'Як навчатися в кше'),
(11, 'Вступ до історії україни'),
(11, 'Англійська для навчання та роботи'),
(11, 'Основи лінійної алгебри'),
(11, 'Вступ до математики'),
(12, 'Як навчатися в кше'),
(12, 'Вступ до історії україни'),
(12, 'Вступ до математики'),
(12, 'Базова теорія ймовірностей'),
(12, 'Основи лінійної алгебри'),
(13, 'Як навчатися в кше'),
(13, 'Англійська для навчання та роботи'),
(13, 'Базова теорія ймовірностей'),
(14, 'Як навчатися в кше'),
(14, 'Англійська для навчання та роботи'),
(14, 'Вступ до історії україни'),
(14, 'Основи лінійної алгебри'),
(15, 'Як навчатися в кше'),
(15, 'Вступ до історії україни'),
(15, 'Основи лінійної алгебри'),
(15, 'Вступ до математики'),
(15, 'Базова теорія ймовірностей'),
(16, 'Як навчатися в кше'),
(16, 'Вступ до математики'),
(17, 'Як навчатися в кше'),
(17, 'Англійська для навчання та роботи'),
(17, 'Основи лінійної алгебри'),
(17, 'Вступ до математики'),
(18, 'Як навчатися в кше'),
(18, 'Вступ до історії україни'),
(18, 'Англійська для навчання та роботи'),
(18, 'Вступ до математики'),
(19, 'Як навчатися в кше'),
(19, 'Базова теорія ймовірностей'),
(19, 'Основи лінійної алгебри');

INSERT INTO grades (student_id, test_1, test_2, test_3, test_4) VALUES
(1, 10, 12, 8, 9),
(2, 9, 11, 4, 10),
(3, 11, 9, 12, 10),
(4, 8, 10, 9, 5),
(5, 12, 8, 11, 11),
(6, 3, 9, 10, 8),
(7, 10, 11, 9, 12),
(8, 8, 10, 11, 2),
(9, 9, 5, 10, 9),
(10, 11, 8, 12, 10),
(11, 10, 9, 11, 8),
(12, 6, 12, 10, 11),
(13, 9, 8, 10, 9),
(14, 11, 10, 4, 12),
(15, 10, 9, 11, 8),
(16, 8, 11, 9, 10),
(17, 12, 3, 10, 11),
(18, 9, 10, 8, 12),
(19, 11, 8, 10, 9);

INSERT INTO activities(student_id, off_pairs_campus, on_pairs_campus, off_campus) VALUES
(1, 'Відпочиваю', 'Вчуся', 'Спорт'),
(2, 'Спорт', 'Вчуся', 'Спілкуюся з друзями'),
(3, 'Спілкуюся з друзями', 'Вчуся', 'Працюю'),
(4, 'Вчуся', 'Вчуся', 'Відпочиваю'),
(5, 'Працюю', 'Вчуся', 'Сплю'),
(6, 'Сплю', 'Вчуся', 'Вчуся'),
(7, 'Спілкуюся з друзями', 'Вчуся', 'Спорт'),
(8, 'Спорт', 'Вчуся', 'Спілкуюся з друзями'),
(9, 'Відпочиваю', 'Сплю', 'Працюю'),
(10, 'Працюю', 'Вчуся', 'Відпочиваю'),
(11, 'Вчуся', 'Вчуся', 'Сплю'),
(12, 'Сплю', 'Вчуся', 'Вчуся'),
(13, 'Спорт', 'Вчуся', 'Спорт'),
(14, 'Спілкуюся з друзями', 'Вчуся', 'Спілкуюся з друзями'),
(15, 'Відпочиваю', 'Вчуся', 'Працюю'),
(16, 'Працюю', 'Вчуся', 'Відпочиваю'),
(17, 'Вчуся', 'Вчуся', 'Сплю'),
(18, 'Сплю', 'Вчуся', 'Вчуся'),
(19, 'Спорт', 'Вчуся', 'Спорт');


INSERT INTO reviews(student_id, Ukrainian_Modern_History, English_for_Professional_and_Studying_Purposes,
 How_to_study_at_KSE, Intro_to_Mathematics, Linear_Algebra_Basics, Probability_Essentials) VALUES
(1, NULL, NULL, 5, 8, 9, NULL),
(2, 7, 8, 8, NULL, NULL, 6),
(3, 8, NULL, 6, 8, 9, 7),
(4, NULL, NULL, 7, NULL, NULL, NULL),
(5, NULL, 8, 9, 8, NULL, NULL),
(6, 7, 8, 8, 8, 9, 7),
(7, 8, NULL, 6, NULL, 9, NULL),
(8, NULL, 8, 9, 8, NULL, 6),
(9, NULL, NULL, 5, 8, NULL, 7),
(10, 7, NULL, 7, NULL, NULL, NULL),
(11, 8, 8, 6, 8, 9, NULL),
(12, 7, NULL, 8, 8, 9, 7),
(13, NULL, 8, 9, NULL, NULL, 6),
(14, 8, 8, 6, NULL, 9, NULL),
(15, 7, NULL, 8, 8, 9, 7),
(16, NULL, NULL, 5, 8, NULL, NULL),
(17, NULL, 8, 9, 8, 9, NULL),
(18, 8, 8, 6, 8, NULL, NULL),
(19, NULL, NULL, 7, NULL, 9, 6);

